test_id,icmp,time
30dbm,0,0.8444514274597168
30dbm,1,0.8440148830413818
30dbm,2,0.844550371170044
30dbm,3,0.8446612358093262
30dbm,4,0.8456542491912842
30dbm,5,0.844836950302124
30dbm,6,0.8448238372802734
30dbm,7,0.844851016998291
30dbm,8,0.845130205154419
30dbm,9,0.844886064529419
30dbm,10,0.8458127975463867
30dbm,11,0.845158576965332
30dbm,12,0.8448209762573242
