test_id,icmp,time
90dbm,0,0.8442032337188721
90dbm,1,0.8443691730499268
90dbm,2,0.8443279266357422
90dbm,3,0.8443717956542969
90dbm,4,0.8450942039489746
90dbm,5,0.8443498611450195
90dbm,6,0.8446242809295654
90dbm,7,0.844506025314331
90dbm,8,0.8438966274261475
90dbm,9,0.8447275161743164
90dbm,10,0.8453826904296875
90dbm,11,0.8454074859619141
90dbm,12,0.8454668521881104
