test_id,icmp,time
clear,0,0.8432748317718506
clear,1,0.8449797630310059
clear,2,0.8437044620513916
clear,3,0.8443887233734131
clear,4,0.8447129726409912
