test_id,icmp,time
100dbm,0,0.8442466259002686
100dbm,1,0.8449931144714355
100dbm,2,0.8437416553497314
100dbm,3,0.84383225440979
100dbm,4,0.8445138931274414
100dbm,5,0.8452539443969727
100dbm,6,0.8442480564117432
100dbm,7,0.8453090190887451
100dbm,8,0.8438589572906494
100dbm,9,0.8447458744049072
100dbm,10,0.845139741897583
100dbm,11,0.844022274017334
100dbm,12,0.8447327613830566
100dbm,13,0.8453269004821777
100dbm,14,0.8458623886108398
100dbm,15,0.8455512523651123
