test_id,icmp,time
20dbm,0,0.844602108001709
20dbm,1,0.8448498249053955
20dbm,2,0.845513105392456
20dbm,3,0.8452556133270264
20dbm,4,0.8447060585021973
20dbm,5,0.8450725078582764
20dbm,6,0.8454751968383789
20dbm,7,0.84548020362854
20dbm,8,0.8447985649108887
20dbm,9,0.8445665836334229
20dbm,10,0.8458366394042969
20dbm,11,0.8459916114807129
20dbm,12,0.8452668190002441
20dbm,13,0.845717191696167
