test_id,icmp,time
70dbm,0,0.8446433544158936
70dbm,1,0.8445000648498535
70dbm,2,0.8455214500427246
70dbm,3,0.8448026180267334
70dbm,4,0.8443984985351562
70dbm,5,0.8454575538635254
70dbm,6,0.8438098430633545
70dbm,7,0.845003604888916
70dbm,8,0.8465523719787598
70dbm,9,0.84519362449646
70dbm,10,0.8451383113861084
70dbm,11,0.8456542491912842
70dbm,12,0.8455066680908203
